"지역별","시점","도착출발별",여객 (명)
"일본","2013.01","도착",436029
"일본","2013.02","도착",473079
"일본","2013.03","도착",527808
"일본","2013.04","도착",430403
"일본","2013.05","도착",426229
"일본","2013.06","도착",435088
"일본","2013.07","도착",460881
"일본","2013.08","도착",552538
"일본","2013.09","도착",436754
"일본","2013.10","도착",437992
"일본","2013.11","도착",417146
"일본","2013.12","도착",452832
"일본","2014.01","도착",420721
"일본","2014.02","도착",468773
"일본","2014.03","도착",481393
"일본","2014.04","도착",402871
"일본","2014.05","도착",411991
"일본","2014.06","도착",413791
"일본","2014.07","도착",442940
"일본","2014.08","도착",531021
"일본","2014.09","도착",435876
"일본","2014.10","도착",467316
"일본","2014.11","도착",443509
"일본","2014.12","도착",475702
"일본","2015.01","도착",494682
"일본","2015.02","도착",509374
"일본","2015.03","도착",532780
"일본","2015.04","도착",491045
"일본","2015.05","도착",502894
"일본","2015.06","도착",371146
"일본","2015.07","도착",425605
"일본","2015.08","도착",586666
"일본","2015.09","도착",474778
"일본","2015.10","도착",570952
"일본","2015.11","도착",548112
"일본","2015.12","도착",596416
"일본","2016.01","도착",651868
"일본","2016.02","도착",653587
"일본","2016.03","도착",630247
"일본","2016.04","도착",572390
"일본","2016.05","도착",488841
"일본","2016.06","도착",531876
"일본","2016.07","도착",624429
"일본","2016.08","도착",734817
"일본","2016.09","도착",632393
"일본","2016.10","도착",700817
"일본","2016.11","도착",661733
"일본","2016.12","도착",714262
"일본","2017.01","도착",769520
"일본","2017.02","도착",794149
"일본","2017.03","도착",776854
"일본","2017.04","도착",708705
"일본","2017.05","도착",727533
"일본","2017.06","도착",723735
"일본","2017.07","도착",798786
"일본","2017.08","도착",922007
"일본","2017.09","도착",751978
"일본","2017.10","도착",843408
"일본","2017.11","도착",840331
"일본","2017.12","도착",894881
"일본","2018.01","도착",948756
"일본","2018.02","도착",911149
"일본","2018.03","도착",949073
"일본","2018.04","도착",882833
"일본","2018.05","도착",859118
"일본","2018.06","도착",855213
"일본","2018.07","도착",851529
"일본","2018.08","도착",988627
"일본","2018.09","도착",737862
"일본","2018.10","도착",888315
"일본","2018.11","도착",881198
"일본","2018.12","도착",970334
"일본","2019.01","도착",972547
"일본","2019.02","도착",950534
"일본","2019.03","도착",1002798
"일본","2019.04","도착",926336
"일본","2019.05","도착",851495
"일본","2019.06","도착",921289
"일본","2019.07","도착",895706
"일본","2019.08","도착",804985
"일본","2019.09","도착",520658
"일본","2019.10","도착",529979
"일본","2019.11","도착",522275
"일본","2019.12","도착",605141
"일본","2020.01","도착",570606
"일본","2020.02","도착",434860
"일본","2020.03","도착",37958
"일본","2020.04","도착",6990
"일본","2020.05","도착",4111
"일본","2020.06","도착",3649
"일본","2020.07","도착",4435
"일본","2020.08","도착",5022
"일본","2020.09","도착",4731
"일본","2020.10","도착",4777
"일본","2020.11","도착",5935
"일본","2020.12","도착",7543
"일본","2021.01","도착",6504
"일본","2021.02","도착",6684
"일본","2021.03","도착",5484
"일본","2021.04","도착",5044
"일본","2021.05","도착",4568
"일본","2021.06","도착",4664
"일본","2021.07","도착",5620
"일본","2021.08","도착",9446
"일본","2021.09","도착",5412
"일본","2021.10","도착",8077
"일본","2021.11","도착",7964
"일본","2021.12","도착",6447
"일본","2022.01","도착",5567
"일본","2022.02","도착",8607
"일본","2022.03","도착",8290
"일본","2022.04","도착",15903
"일본","2022.05","도착",17343
"일본","2022.06","도착",29071
"일본","2022.07","도착",53808
"일본","2022.08","도착",84710
"일본","2022.09","도착",79256
"일본","2022.10","도착",198303
"일본","2022.11","도착",399719
"중국","2013.01","도착",417503
"중국","2013.02","도착",429419
"중국","2013.03","도착",479405
"중국","2013.04","도착",500504
"중국","2013.05","도착",465949
"중국","2013.06","도착",549708
"중국","2013.07","도착",668198
"중국","2013.08","도착",737586
"중국","2013.09","도착",632582
"중국","2013.10","도착",552773
"중국","2013.11","도착",476353
"중국","2013.12","도착",432081
"중국","2014.01","도착",524309
"중국","2014.02","도착",483129
"중국","2014.03","도착",549159
"중국","2014.04","도착",660481
"중국","2014.05","도착",668476
"중국","2014.06","도착",690205
"중국","2014.07","도착",829504
"중국","2014.08","도착",906367
"중국","2014.09","도착",772679
"중국","2014.10","도착",734791
"중국","2014.11","도착",650885
"중국","2014.12","도착",579431
"중국","2015.01","도착",640517
"중국","2015.02","도착",691689
"중국","2015.03","도착",700341
"중국","2015.04","도착",831882
"중국","2015.05","도착",849535
"중국","2015.06","도착",466567
"중국","2015.07","도착",487714
"중국","2015.08","도착",740310
"중국","2015.09","도착",758200
"중국","2015.10","도착",802310
"중국","2015.11","도착",694309
"중국","2015.12","도착",631642
"중국","2016.01","도착",752741
"중국","2016.02","도착",713955
"중국","2016.03","도착",766003
"중국","2016.04","도착",856585
"중국","2016.05","도착",867694
"중국","2016.06","도착",915463
"중국","2016.07","도착",1037729
"중국","2016.08","도착",1036669
"중국","2016.09","도착",861452
"중국","2016.10","도착",839739
"중국","2016.11","도착",686428
"중국","2016.12","도착",669844
"중국","2017.01","도착",796584
"중국","2017.02","도착",718408
"중국","2017.03","도착",581903
"중국","2017.04","도착",442323
"중국","2017.05","도착",483440
"중국","2017.06","도착",498458
"중국","2017.07","도착",571253
"중국","2017.08","도착",645853
"중국","2017.09","도착",588802
"중국","2017.10","도착",622477
"중국","2017.11","도착",536158
"중국","2017.12","도착",558919
"중국","2018.01","도착",602945
"중국","2018.02","도착",587287
"중국","2018.03","도착",657960
"중국","2018.04","도착",662313
"중국","2018.05","도착",661251
"중국","2018.06","도착",671797
"중국","2018.07","도착",719834
"중국","2018.08","도착",805273
"중국","2018.09","도착",745396
"중국","2018.10","도착",735953
"중국","2018.11","도착",666253
"중국","2018.12","도착",639242
"중국","2019.01","도착",688157
"중국","2019.02","도착",680011
"중국","2019.03","도착",741386
"중국","2019.04","도착",759243
"중국","2019.05","도착",771453
"중국","2019.06","도착",790221
"중국","2019.07","도착",793014
"중국","2019.08","도착",905478
"중국","2019.09","도착",839650
"중국","2019.10","도착",819922
"중국","2019.11","도착",768171
"중국","2019.12","도착",735102
"중국","2020.01","도착",809275
"중국","2020.02","도착",151524
"중국","2020.03","도착",20169
"중국","2020.04","도착",5759
"중국","2020.05","도착",8901
"중국","2020.06","도착",9994
"중국","2020.07","도착",13715
"중국","2020.08","도착",17911
"중국","2020.09","도착",17646
"중국","2020.10","도착",15290
"중국","2020.11","도착",14301
"중국","2020.12","도착",12828
"중국","2021.01","도착",11954
"중국","2021.02","도착",13214
"중국","2021.03","도착",21258
"중국","2021.04","도착",19185
"중국","2021.05","도착",16407
"중국","2021.06","도착",17381
"중국","2021.07","도착",21055
"중국","2021.08","도착",28459
"중국","2021.09","도착",27307
"중국","2021.10","도착",18230
"중국","2021.11","도착",13130
"중국","2021.12","도착",13315
"중국","2022.01","도착",12185
"중국","2022.02","도착",17570
"중국","2022.03","도착",14588
"중국","2022.04","도착",11653
"중국","2022.05","도착",13522
"중국","2022.06","도착",16283
"중국","2022.07","도착",19100
"중국","2022.08","도착",25777
"중국","2022.09","도착",28983
"중국","2022.10","도착",22220
"중국","2022.11","도착",25044
"아시아","2013.01","도착",856942
"아시아","2013.02","도착",760041
"아시아","2013.03","도착",761049
"아시아","2013.04","도착",649255
"아시아","2013.05","도착",622772
"아시아","2013.06","도착",654960
"아시아","2013.07","도착",684679
"아시아","2013.08","도착",839843
"아시아","2013.09","도착",665677
"아시아","2013.10","도착",726275
"아시아","2013.11","도착",719871
"아시아","2013.12","도착",787961
"아시아","2014.01","도착",911443
"아시아","2014.02","도착",840044
"아시아","2014.03","도착",779306
"아시아","2014.04","도착",745550
"아시아","2014.05","도착",746490
"아시아","2014.06","도착",722087
"아시아","2014.07","도착",769025
"아시아","2014.08","도착",941890
"아시아","2014.09","도착",723304
"아시아","2014.10","도착",823732
"아시아","2014.11","도착",804124
"아시아","2014.12","도착",895842
"아시아","2015.01","도착",1052299
"아시아","2015.02","도착",980860
"아시아","2015.03","도착",910893
"아시아","2015.04","도착",876936
"아시아","2015.05","도착",882749
"아시아","2015.06","도착",624749
"아시아","2015.07","도착",689198
"아시아","2015.08","도착",936066
"아시아","2015.09","도착",766296
"아시아","2015.10","도착",892635
"아시아","2015.11","도착",917796
"아시아","2015.12","도착",1025439
"아시아","2016.01","도착",1179937
"아시아","2016.02","도착",1104534
"아시아","2016.03","도착",1007742
"아시아","2016.04","도착",977243
"아시아","2016.05","도착",957823
"아시아","2016.06","도착",976364
"아시아","2016.07","도착",1046253
"아시아","2016.08","도착",1173043
"아시아","2016.09","도착",977105
"아시아","2016.10","도착",1060313
"아시아","2016.11","도착",1049902
"아시아","2016.12","도착",1199685
"아시아","2017.01","도착",1338493
"아시아","2017.02","도착",1256408
"아시아","2017.03","도착",1234375
"아시아","2017.04","도착",1179628
"아시아","2017.05","도착",1178125
"아시아","2017.06","도착",1142817
"아시아","2017.07","도착",1179233
"아시아","2017.08","도착",1337531
"아시아","2017.09","도착",1106840
"아시아","2017.10","도착",1297198
"아시아","2017.11","도착",1285165
"아시아","2017.12","도착",1415931
"아시아","2018.01","도착",1558836
"아시아","2018.02","도착",1411755
"아시아","2018.03","도착",1490981
"아시아","2018.04","도착",1350988
"아시아","2018.05","도착",1286104
"아시아","2018.06","도착",1305963
"아시아","2018.07","도착",1296536
"아시아","2018.08","도착",1485057
"아시아","2018.09","도착",1275035
"아시아","2018.10","도착",1404500
"아시아","2018.11","도착",1368836
"아시아","2018.12","도착",1525391
"아시아","2019.01","도착",1642144
"아시아","2019.02","도착",1556103
"아시아","2019.03","도착",1588075
"아시아","2019.04","도착",1452699
"아시아","2019.05","도착",1372104
"아시아","2019.06","도착",1422411
"아시아","2019.07","도착",1442067
"아시아","2019.08","도착",1676200
"아시아","2019.09","도착",1380033
"아시아","2019.10","도착",1596678
"아시아","2019.11","도착",1535548
"아시아","2019.12","도착",1727444
"아시아","2020.01","도착",1826904
"아시아","2020.02","도착",919517
"아시아","2020.03","도착",138160
"아시아","2020.04","도착",46559
"아시아","2020.05","도착",33429
"아시아","2020.06","도착",39138
"아시아","2020.07","도착",35476
"아시아","2020.08","도착",26679
"아시아","2020.09","도착",24169
"아시아","2020.10","도착",23837
"아시아","2020.11","도착",24359
"아시아","2020.12","도착",29093
"아시아","2021.01","도착",27941
"아시아","2021.02","도착",19360
"아시아","2021.03","도착",20437
"아시아","2021.04","도착",21148
"아시아","2021.05","도착",28142
"아시아","2021.06","도착",33339
"아시아","2021.07","도착",30930
"아시아","2021.08","도착",31521
"아시아","2021.09","도착",26781
"아시아","2021.10","도착",26821
"아시아","2021.11","도착",36639
"아시아","2021.12","도착",52517
"아시아","2022.01","도착",41959
"아시아","2022.02","도착",47325
"아시아","2022.03","도착",69466
"아시아","2022.04","도착",121363
"아시아","2022.05","도착",183228
"아시아","2022.06","도착",286850
"아시아","2022.07","도착",432000
"아시아","2022.08","도착",588539
"아시아","2022.09","도착",474083
"아시아","2022.10","도착",603799
"아시아","2022.11","도착",672061
"미주","2013.01","도착",170188
"미주","2013.02","도착",148109
"미주","2013.03","도착",164686
"미주","2013.04","도착",152338
"미주","2013.05","도착",186748
"미주","2013.06","도착",185637
"미주","2013.07","도착",185079
"미주","2013.08","도착",200033
"미주","2013.09","도착",161933
"미주","2013.10","도착",182183
"미주","2013.11","도착",151833
"미주","2013.12","도착",179135
"미주","2014.01","도착",173896
"미주","2014.02","도착",152028
"미주","2014.03","도착",156386
"미주","2014.04","도착",156516
"미주","2014.05","도착",184831
"미주","2014.06","도착",196377
"미주","2014.07","도착",196598
"미주","2014.08","도착",210328
"미주","2014.09","도착",170484
"미주","2014.10","도착",189086
"미주","2014.11","도착",157582
"미주","2014.12","도착",188247
"미주","2015.01","도착",175358
"미주","2015.02","도착",164687
"미주","2015.03","도착",181335
"미주","2015.04","도착",168257
"미주","2015.05","도착",206104
"미주","2015.06","도착",195233
"미주","2015.07","도착",202397
"미주","2015.08","도착",221505
"미주","2015.09","도착",168953
"미주","2015.10","도착",207730
"미주","2015.11","도착",168521
"미주","2015.12","도착",198724
"미주","2016.01","도착",191940
"미주","2016.02","도착",180068
"미주","2016.03","도착",174586
"미주","2016.04","도착",170868
"미주","2016.05","도착",208891
"미주","2016.06","도착",219641
"미주","2016.07","도착",222351
"미주","2016.08","도착",230011
"미주","2016.09","도착",189527
"미주","2016.10","도착",215043
"미주","2016.11","도착",180102
"미주","2016.12","도착",214555
"미주","2017.01","도착",204159
"미주","2017.02","도착",183866
"미주","2017.03","도착",179360
"미주","2017.04","도착",178459
"미주","2017.05","도착",227763
"미주","2017.06","도착",240128
"미주","2017.07","도착",246544
"미주","2017.08","도착",249537
"미주","2017.09","도착",192877
"미주","2017.10","도착",244903
"미주","2017.11","도착",194522
"미주","2017.12","도착",224078
"미주","2018.01","도착",209179
"미주","2018.02","도착",207245
"미주","2018.03","도착",215360
"미주","2018.04","도착",197763
"미주","2018.05","도착",232825
"미주","2018.06","도착",247859
"미주","2018.07","도착",244656
"미주","2018.08","도착",236848
"미주","2018.09","도착",201444
"미주","2018.10","도착",245252
"미주","2018.11","도착",201875
"미주","2018.12","도착",229376
"미주","2019.01","도착",214558
"미주","2019.02","도착",200530
"미주","2019.03","도착",205929
"미주","2019.04","도착",201773
"미주","2019.05","도착",249477
"미주","2019.06","도착",258613
"미주","2019.07","도착",249462
"미주","2019.08","도착",245055
"미주","2019.09","도착",219774
"미주","2019.10","도착",253524
"미주","2019.11","도착",211835
"미주","2019.12","도착",253765
"미주","2020.01","도착",236974
"미주","2020.02","도착",186392
"미주","2020.03","도착",69372
"미주","2020.04","도착",37446
"미주","2020.05","도착",34079
"미주","2020.06","도착",38552
"미주","2020.07","도착",39663
"미주","2020.08","도착",38490
"미주","2020.09","도착",28255
"미주","2020.10","도착",28686
"미주","2020.11","도착",28843
"미주","2020.12","도착",29418
"미주","2021.01","도착",24766
"미주","2021.02","도착",21381
"미주","2021.03","도착",19641
"미주","2021.04","도착",21463
"미주","2021.05","도착",37044
"미주","2021.06","도착",40804
"미주","2021.07","도착",46877
"미주","2021.08","도착",43823
"미주","2021.09","도착",44645
"미주","2021.10","도착",51254
"미주","2021.11","도착",57298
"미주","2021.12","도착",67619
"미주","2022.01","도착",57503
"미주","2022.02","도착",49700
"미주","2022.03","도착",59722
"미주","2022.04","도착",95956
"미주","2022.05","도착",130287
"미주","2022.06","도착",151317
"미주","2022.07","도착",166755
"미주","2022.08","도착",169354
"미주","2022.09","도착",168788
"미주","2022.10","도착",191715
"미주","2022.11","도착",187256
"유럽","2013.01","도착",125887
"유럽","2013.02","도착",112288
"유럽","2013.03","도착",131300
"유럽","2013.04","도착",123593
"유럽","2013.05","도착",136751
"유럽","2013.06","도착",158709
"유럽","2013.07","도착",169682
"유럽","2013.08","도착",174471
"유럽","2013.09","도착",154027
"유럽","2013.10","도착",166256
"유럽","2013.11","도착",127509
"유럽","2013.12","도착",130640
"유럽","2014.01","도착",135254
"유럽","2014.02","도착",128119
"유럽","2014.03","도착",140291
"유럽","2014.04","도착",148147
"유럽","2014.05","도착",164296
"유럽","2014.06","도착",178776
"유럽","2014.07","도착",194752
"유럽","2014.08","도착",211605
"유럽","2014.09","도착",176123
"유럽","2014.10","도착",195729
"유럽","2014.11","도착",141508
"유럽","2014.12","도착",138890
"유럽","2015.01","도착",154455
"유럽","2015.02","도착",145802
"유럽","2015.03","도착",155489
"유럽","2015.04","도착",162392
"유럽","2015.05","도착",194394
"유럽","2015.06","도착",191253
"유럽","2015.07","도착",219697
"유럽","2015.08","도착",243253
"유럽","2015.09","도착",193796
"유럽","2015.10","도착",220261
"유럽","2015.11","도착",157520
"유럽","2015.12","도착",146110
"유럽","2016.01","도착",161003
"유럽","2016.02","도착",162512
"유럽","2016.03","도착",157183
"유럽","2016.04","도착",172193
"유럽","2016.05","도착",193104
"유럽","2016.06","도착",216588
"유럽","2016.07","도착",245217
"유럽","2016.08","도착",247592
"유럽","2016.09","도착",208268
"유럽","2016.10","도착",228442
"유럽","2016.11","도착",161238
"유럽","2016.12","도착",166698
"유럽","2017.01","도착",177371
"유럽","2017.02","도착",180287
"유럽","2017.03","도착",192711
"유럽","2017.04","도착",207458
"유럽","2017.05","도착",230246
"유럽","2017.06","도착",246440
"유럽","2017.07","도착",278346
"유럽","2017.08","도착",278338
"유럽","2017.09","도착",248906
"유럽","2017.10","도착",268883
"유럽","2017.11","도착",191586
"유럽","2017.12","도착",192748
"유럽","2018.01","도착",198849
"유럽","2018.02","도착",203339
"유럽","2018.03","도착",219286
"유럽","2018.04","도착",223998
"유럽","2018.05","도착",252931
"유럽","2018.06","도착",280689
"유럽","2018.07","도착",308084
"유럽","2018.08","도착",329620
"유럽","2018.09","도착",287286
"유럽","2018.10","도착",301482
"유럽","2018.11","도착",213781
"유럽","2018.12","도착",211808
"유럽","2019.01","도착",222427
"유럽","2019.02","도착",227431
"유럽","2019.03","도착",231644
"유럽","2019.04","도착",247785
"유럽","2019.05","도착",285482
"유럽","2019.06","도착",313494
"유럽","2019.07","도착",336414
"유럽","2019.08","도착",364297
"유럽","2019.09","도착",302307
"유럽","2019.10","도착",321056
"유럽","2019.11","도착",227181
"유럽","2019.12","도착",225692
"유럽","2020.01","도착",236066
"유럽","2020.02","도착",209494
"유럽","2020.03","도착",42594
"유럽","2020.04","도착",10660
"유럽","2020.05","도착",7156
"유럽","2020.06","도착",11088
"유럽","2020.07","도착",14778
"유럽","2020.08","도착",16644
"유럽","2020.09","도착",12453
"유럽","2020.10","도착",11789
"유럽","2020.11","도착",11597
"유럽","2020.12","도착",13103
"유럽","2021.01","도착",11773
"유럽","2021.02","도착",12741
"유럽","2021.03","도착",10782
"유럽","2021.04","도착",11284
"유럽","2021.05","도착",12436
"유럽","2021.06","도착",17990
"유럽","2021.07","도착",26885
"유럽","2021.08","도착",27304
"유럽","2021.09","도착",24734
"유럽","2021.10","도착",28407
"유럽","2021.11","도착",31625
"유럽","2021.12","도착",30440
"유럽","2022.01","도착",24199
"유럽","2022.02","도착",26883
"유럽","2022.03","도착",24228
"유럽","2022.04","도착",41029
"유럽","2022.05","도착",63781
"유럽","2022.06","도착",86969
"유럽","2022.07","도착",118524
"유럽","2022.08","도착",129239
"유럽","2022.09","도착",123344
"유럽","2022.10","도착",148224
"유럽","2022.11","도착",121955
"중동","2013.01","도착",31040
"중동","2013.02","도착",30689
"중동","2013.03","도착",32021
"중동","2013.04","도착",28184
"중동","2013.05","도착",34167
"중동","2013.06","도착",36018
"중동","2013.07","도착",34012
"중동","2013.08","도착",39459
"중동","2013.09","도착",33663
"중동","2013.10","도착",36879
"중동","2013.11","도착",31650
"중동","2013.12","도착",30747
"중동","2014.01","도착",36996
"중동","2014.02","도착",35808
"중동","2014.03","도착",36350
"중동","2014.04","도착",33035
"중동","2014.05","도착",37521
"중동","2014.06","도착",36944
"중동","2014.07","도착",34926
"중동","2014.08","도착",36509
"중동","2014.09","도착",35394
"중동","2014.10","도착",40436
"중동","2014.11","도착",32193
"중동","2014.12","도착",31596
"중동","2015.01","도착",35280
"중동","2015.02","도착",33520
"중동","2015.03","도착",35233
"중동","2015.04","도착",35160
"중동","2015.05","도착",41980
"중동","2015.06","도착",34162
"중동","2015.07","도착",38246
"중동","2015.08","도착",42991
"중동","2015.09","도착",35283
"중동","2015.10","도착",40483
"중동","2015.11","도착",33615
"중동","2015.12","도착",29667
"중동","2016.01","도착",35388
"중동","2016.02","도착",39157
"중동","2016.03","도착",36834
"중동","2016.04","도착",38376
"중동","2016.05","도착",42372
"중동","2016.06","도착",42042
"중동","2016.07","도착",45021
"중동","2016.08","도착",45295
"중동","2016.09","도착",39185
"중동","2016.10","도착",43246
"중동","2016.11","도착",38196
"중동","2016.12","도착",35466
"중동","2017.01","도착",40840
"중동","2017.02","도착",41454
"중동","2017.03","도착",45102
"중동","2017.04","도착",39138
"중동","2017.05","도착",42685
"중동","2017.06","도착",40647
"중동","2017.07","도착",43055
"중동","2017.08","도착",46804
"중동","2017.09","도착",38951
"중동","2017.10","도착",43916
"중동","2017.11","도착",34527
"중동","2017.12","도착",32778
"중동","2018.01","도착",36353
"중동","2018.02","도착",39400
"중동","2018.03","도착",41178
"중동","2018.04","도착",38409
"중동","2018.05","도착",40410
"중동","2018.06","도착",41052
"중동","2018.07","도착",45673
"중동","2018.08","도착",46685
"중동","2018.09","도착",39281
"중동","2018.10","도착",44401
"중동","2018.11","도착",34277
"중동","2018.12","도착",31706
"중동","2019.01","도착",36602
"중동","2019.02","도착",38572
"중동","2019.03","도착",37655
"중동","2019.04","도착",35891
"중동","2019.05","도착",37164
"중동","2019.06","도착",40880
"중동","2019.07","도착",45163
"중동","2019.08","도착",48372
"중동","2019.09","도착",39320
"중동","2019.10","도착",48158
"중동","2019.11","도착",38170
"중동","2019.12","도착",36637
"중동","2020.01","도착",42098
"중동","2020.02","도착",37796
"중동","2020.03","도착",14261
"중동","2020.04","도착",5010
"중동","2020.05","도착",3699
"중동","2020.06","도착",4385
"중동","2020.07","도착",6327
"중동","2020.08","도착",5658
"중동","2020.09","도착",5111
"중동","2020.10","도착",5262
"중동","2020.11","도착",5398
"중동","2020.12","도착",6122
"중동","2021.01","도착",6857
"중동","2021.02","도착",7701
"중동","2021.03","도착",7313
"중동","2021.04","도착",6681
"중동","2021.05","도착",6467
"중동","2021.06","도착",9067
"중동","2021.07","도착",11402
"중동","2021.08","도착",11127
"중동","2021.09","도착",10104
"중동","2021.10","도착",13640
"중동","2021.11","도착",17945
"중동","2021.12","도착",16066
"중동","2022.01","도착",14544
"중동","2022.02","도착",14805
"중동","2022.03","도착",16366
"중동","2022.04","도착",23042
"중동","2022.05","도착",31093
"중동","2022.06","도착",35028
"중동","2022.07","도착",37532
"중동","2022.08","도착",37395
"중동","2022.09","도착",34141
"중동","2022.10","도착",42163
"중동","2022.11","도착",34446
"아프리카","2013.01","도착",1098
"아프리카","2013.02","도착",1184
"아프리카","2013.03","도착",1003
"아프리카","2013.04","도착",639
"아프리카","2013.05","도착",796
"아프리카","2013.06","도착",1462
"아프리카","2013.07","도착",1994
"아프리카","2013.08","도착",3601
"아프리카","2013.09","도착",2569
"아프리카","2013.10","도착",2030
"아프리카","2013.11","도착",1441
"아프리카","2013.12","도착",2288
"아프리카","2014.01","도착",3843
"아프리카","2014.02","도착",3424
"아프리카","2014.03","도착",3208
"아프리카","2014.04","도착",2697
"아프리카","2014.05","도착",2578
"아프리카","2014.06","도착",3070
"아프리카","2014.07","도착",3054
"아프리카","2014.08","도착",4373
"아프리카","2014.09","도착",1005
"아프리카","2014.10","도착",1439
"아프리카","2014.11","도착",861
"아프리카","2014.12","도착",837
"아프리카","2015.01","도착",1132
"아프리카","2015.02","도착",1388
"아프리카","2015.03","도착",851
"아프리카","2015.04","도착",1004
"아프리카","2015.05","도착",943
"아프리카","2015.06","도착",1025
"아프리카","2015.07","도착",1592
"아프리카","2015.08","도착",2033
"아프리카","2015.09","도착",1167
"아프리카","2015.10","도착",1152
"아프리카","2015.11","도착",829
"아프리카","2015.12","도착",1140
"아프리카","2016.01","도착",1416
"아프리카","2016.02","도착",1760
"아프리카","2016.03","도착",1265
"아프리카","2016.04","도착",761
"아프리카","2016.05","도착",849
"아프리카","2016.06","도착",913
"아프리카","2016.07","도착",1123
"아프리카","2016.08","도착",1721
"아프리카","2016.09","도착",975
"아프리카","2016.10","도착",772
"아프리카","2016.11","도착",667
"아프리카","2016.12","도착",711
"아프리카","2017.01","도착",1219
"아프리카","2017.02","도착",1118
"아프리카","2017.03","도착",846
"아프리카","2017.04","도착",906
"아프리카","2017.05","도착",1078
"아프리카","2017.06","도착",1029
"아프리카","2017.07","도착",1492
"아프리카","2017.08","도착",1948
"아프리카","2017.09","도착",1393
"아프리카","2017.10","도착",1403
"아프리카","2017.11","도착",961
"아프리카","2017.12","도착",1122
"아프리카","2018.01","도착",1648
"아프리카","2018.02","도착",1920
"아프리카","2018.03","도착",1458
"아프리카","2018.04","도착",1208
"아프리카","2018.05","도착",1478
"아프리카","2018.06","도착",1961
"아프리카","2018.07","도착",2948
"아프리카","2018.08","도착",3001
"아프리카","2018.09","도착",2107
"아프리카","2018.10","도착",2362
"아프리카","2018.11","도착",1933
"아프리카","2018.12","도착",1939
"아프리카","2019.01","도착",2235
"아프리카","2019.02","도착",2668
"아프리카","2019.03","도착",2015
"아프리카","2019.04","도착",1659
"아프리카","2019.05","도착",1860
"아프리카","2019.06","도착",2185
"아프리카","2019.07","도착",2764
"아프리카","2019.08","도착",3205
"아프리카","2019.09","도착",2503
"아프리카","2019.10","도착",2903
"아프리카","2019.11","도착",2131
"아프리카","2019.12","도착",3605
"아프리카","2020.01","도착",5006
"아프리카","2020.02","도착",4955
"아프리카","2020.03","도착",1754
"아프리카","2020.04","도착",386
"아프리카","2020.05","도착",469
"아프리카","2020.06","도착",299
"아프리카","2020.07","도착",417
"아프리카","2020.08","도착",700
"아프리카","2020.09","도착",603
"아프리카","2020.10","도착",675
"아프리카","2020.11","도착",674
"아프리카","2020.12","도착",683
"아프리카","2021.01","도착",636
"아프리카","2021.02","도착",729
"아프리카","2021.03","도착",714
"아프리카","2021.04","도착",518
"아프리카","2021.05","도착",559
"아프리카","2021.06","도착",772
"아프리카","2021.07","도착",734
"아프리카","2021.08","도착",1098
"아프리카","2021.09","도착",814
"아프리카","2021.10","도착",811
"아프리카","2021.11","도착",704
"아프리카","2021.12","도착",438
"아프리카","2022.01","도착",295
"아프리카","2022.02","도착",413
"아프리카","2022.03","도착",518
"아프리카","2022.04","도착",801
"아프리카","2022.05","도착",1565
"아프리카","2022.06","도착",2165
"아프리카","2022.07","도착",2368
"아프리카","2022.08","도착",2117
"아프리카","2022.09","도착",2102
"아프리카","2022.10","도착",2583
"아프리카","2022.11","도착",1802
"대양주","2013.01","도착",91771
"대양주","2013.02","도착",80146
"대양주","2013.03","도착",77763
"대양주","2013.04","도착",65421
"대양주","2013.05","도착",70444
"대양주","2013.06","도착",74163
"대양주","2013.07","도착",70071
"대양주","2013.08","도착",84373
"대양주","2013.09","도착",71981
"대양주","2013.10","도착",73222
"대양주","2013.11","도착",76236
"대양주","2013.12","도착",93837
"대양주","2014.01","도착",92486
"대양주","2014.02","도착",85173
"대양주","2014.03","도착",73106
"대양주","2014.04","도착",70431
"대양주","2014.05","도착",71074
"대양주","2014.06","도착",76748
"대양주","2014.07","도착",70888
"대양주","2014.08","도착",86220
"대양주","2014.09","도착",72677
"대양주","2014.10","도착",75575
"대양주","2014.11","도착",73195
"대양주","2014.12","도착",95744
"대양주","2015.01","도착",100257
"대양주","2015.02","도착",88950
"대양주","2015.03","도착",83964
"대양주","2015.04","도착",79039
"대양주","2015.05","도착",81722
"대양주","2015.06","도착",77556
"대양주","2015.07","도착",77354
"대양주","2015.08","도착",99761
"대양주","2015.09","도착",84635
"대양주","2015.10","도착",90866
"대양주","2015.11","도착",95832
"대양주","2015.12","도착",113757
"대양주","2016.01","도착",120710
"대양주","2016.02","도착",109748
"대양주","2016.03","도착",93117
"대양주","2016.04","도착",90417
"대양주","2016.05","도착",97530
"대양주","2016.06","도착",97851
"대양주","2016.07","도착",100604
"대양주","2016.08","도착",109161
"대양주","2016.09","도착",100367
"대양주","2016.10","도착",110873
"대양주","2016.11","도착",109045
"대양주","2016.12","도착",129265
"대양주","2017.01","도착",133737
"대양주","2017.02","도착",120380
"대양주","2017.03","도착",114003
"대양주","2017.04","도착",107819
"대양주","2017.05","도착",107850
"대양주","2017.06","도착",107913
"대양주","2017.07","도착",113186
"대양주","2017.08","도착",155669
"대양주","2017.09","도착",111708
"대양주","2017.10","도착",118617
"대양주","2017.11","도착",129695
"대양주","2017.12","도착",157034
"대양주","2018.01","도착",153670
"대양주","2018.02","도착",137115
"대양주","2018.03","도착",121432
"대양주","2018.04","도착",111693
"대양주","2018.05","도착",112288
"대양주","2018.06","도착",117765
"대양주","2018.07","도착",114073
"대양주","2018.08","도착",127279
"대양주","2018.09","도착",108836
"대양주","2018.10","도착",116247
"대양주","2018.11","도착",113750
"대양주","2018.12","도착",136010
"대양주","2019.01","도착",140640
"대양주","2019.02","도착",130778
"대양주","2019.03","도착",120077
"대양주","2019.04","도착",127228
"대양주","2019.05","도착",132551
"대양주","2019.06","도착",137839
"대양주","2019.07","도착",141150
"대양주","2019.08","도착",159986
"대양주","2019.09","도착",133390
"대양주","2019.10","도착",146793
"대양주","2019.11","도착",150164
"대양주","2019.12","도착",194904
"대양주","2020.01","도착",196377
"대양주","2020.02","도착",135174
"대양주","2020.03","도착",27199
"대양주","2020.04","도착",8246
"대양주","2020.05","도착",3042
"대양주","2020.06","도착",2093
"대양주","2020.07","도착",2017
"대양주","2020.08","도착",2212
"대양주","2020.09","도착",1596
"대양주","2020.10","도착",1465
"대양주","2020.11","도착",1338
"대양주","2020.12","도착",1798
"대양주","2021.01","도착",1479
"대양주","2021.02","도착",1341
"대양주","2021.03","도착",1472
"대양주","2021.04","도착",1322
"대양주","2021.05","도착",1733
"대양주","2021.06","도착",1949
"대양주","2021.07","도착",2479
"대양주","2021.08","도착",3004
"대양주","2021.09","도착",3381
"대양주","2021.10","도착",5014
"대양주","2021.11","도착",9335
"대양주","2021.12","도착",9187
"대양주","2022.01","도착",6735
"대양주","2022.02","도착",8000
"대양주","2022.03","도착",8468
"대양주","2022.04","도착",19190
"대양주","2022.05","도착",37752
"대양주","2022.06","도착",53281
"대양주","2022.07","도착",63630
"대양주","2022.08","도착",67970
"대양주","2022.09","도착",56430
"대양주","2022.10","도착",72427
"대양주","2022.11","도착",72715
"기타","2013.01","도착",0
"기타","2013.02","도착",0
"기타","2013.03","도착",0
"기타","2013.04","도착",0
"기타","2013.05","도착",0
"기타","2013.06","도착",0
"기타","2013.07","도착",0
"기타","2013.08","도착",0
"기타","2013.09","도착",0
"기타","2013.10","도착",0
"기타","2013.11","도착",0
"기타","2013.12","도착",0
"기타","2014.01","도착",0
"기타","2014.02","도착",1
"기타","2014.03","도착",0
"기타","2014.08","도착",0
"기타","2014.09","도착",262
"기타","2014.10","도착",116
"기타","2014.11","도착",0
"기타","2014.12","도착",0
"기타","2015.07","도착",0
"기타","2015.08","도착",19
"기타","2015.10","도착",161
"기타","2015.12","도착",0
"기타","2016.04","도착",0
"기타","2016.05","도착",0
"기타","2016.06","도착",0
"기타","2016.07","도착",0
"기타","2016.08","도착",0
"기타","2016.10","도착",0
"기타","2016.11","도착",0
"기타","2016.12","도착",0
"기타","2017.01","도착",0
"기타","2017.03","도착",0
"기타","2017.04","도착",0
"기타","2017.06","도착",0
"기타","2017.12","도착",0
"기타","2018.01","도착",0
"기타","2018.02","도착",77
"기타","2018.03","도착",0
"기타","2018.04","도착",361
"기타","2018.06","도착",0
"기타","2018.12","도착",0
"기타","2019.05","도착",0
"기타","2019.08","도착",206
"기타","2019.09","도착",0
"기타","2019.10","도착",0
"기타","2019.12","도착",0
"기타","2020.01","도착",0
"기타","2020.03","도착",0
"기타","2020.04","도착",0
"기타","2020.05","도착",0
"기타","2020.06","도착",0
"기타","2020.07","도착",0
"기타","2020.08","도착",0
"기타","2020.09","도착",0
"기타","2020.10","도착",0
"기타","2020.11","도착",0
"기타","2020.12","도착",1075
"기타","2021.01","도착",1697
"기타","2021.02","도착",2526
"기타","2021.03","도착",2765
"기타","2021.04","도착",2447
"기타","2021.05","도착",5507
"기타","2021.06","도착",2514
"기타","2021.07","도착",2449
"기타","2021.08","도착",1603
"기타","2021.09","도착",1866
"기타","2021.10","도착",1961
"기타","2021.11","도착",1243
"기타","2021.12","도착",2069
"기타","2022.01","도착",1966
"기타","2022.02","도착",2108
"기타","2022.03","도착",1548
"기타","2022.04","도착",1236
"기타","2022.05","도착",1050
"기타","2022.06","도착",1178
